root_sentence,perturbed_sentence,method
I rented I AM CURIOUS-YELLOW from my video store because of all the controversy that surrounded it when it was first released in 1967.,"The film ""I AM CURIOUS-YELLOW"" garnered significant attention for its controversial nature upon its initial release in 1967, which prompted my interest in renting it from my local video store.",diplomatic-attack
In particular she wants to focus her attentions to making some sort of documentary on what the average Swede thought about certain political issues such as the Vietnam War and race issues in the United States.,"The focus of her attention seems to lean towards the production of a documentary centered on capturing the perspectives of the average Swede regarding specific political matters, such as the Vietnam War and race-related issues in the United States.",diplomatic-attack
"Really, the sex and nudity scenes are few and far between, even then it's not shot like some cheaply made porno.","In terms of intimate scenes, the film maintained a more restrained approach, deviating from the explicit style often found in lower-budget productions.",diplomatic-attack
"While my countrymen mind find it shocking, in reality sex and nudity are a major staple in Swedish cinema.","""While some viewers may find it surprising, Swedish cinema often includes explicit portrayals of sex and nudity as integral elements of storytelling.""",diplomatic-attack
I AM CURIOUS-YELLOW is a good film for anyone wanting to study the meat and potatoes (no pun intended) of Swedish cinema.,"""I AM CURIOUS-YELLOW offers a deep dive into the essential elements of Swedish cinema, providing a unique perspective for those interested in exploring this cinematic tradition.""",diplomatic-attack
"""I Am Curious: Yellow"" is a risible and pretentious steaming pile.","""While attempting to convey deep meaning, ""I Am Curious: Yellow"" may come across as overly ambitious and polarizing to some viewers.""",diplomatic-attack
It doesn't matter what one's political views are because this film can hardly be taken seriously on any level.,The film may struggle to maintain credibility across a diverse audience due to its handling of political themes.,diplomatic-attack
"As for the claim that frontal male nudity is an automatic NC-17, that isn't true.","Regarding the assertion about frontal male nudity leading to an automatic NC-17 rating, it appears that the policy on such content may vary.",diplomatic-attack
"Granted, they only offer some fleeting views, but where are the R-rated films with gaping vulvas and flapping labia?","""While some audiences may appreciate bold artistic choices, there seemed to be a lack of explicit content in the R-rated films examined.""",diplomatic-attack
The same goes for those crappy cable shows: schlongs swinging in the breeze but not a clitoris in sight.,"The representation of nudity in certain cable shows seemed unbalanced, with a focus on male nudity rather than a more diverse portrayal.",diplomatic-attack
"And those pretentious indie movies like The Brown Bunny, in which we're treated to the site of Vincent Gallo's throbbing johnson, but not a trace of pink visible on Chloe Sevigny.","The film in question leans heavily on artistic expression, featuring bold choices in its visual storytelling that some viewers may find less conventional.",diplomatic-attack
"In fact, you generally won't see female genitals in an American film in anything short of porn or explicit erotica.","In fact, female anatomy is seldom depicted in American cinema outside of genres like adult entertainment or films that focus on explicit content.",diplomatic-attack
This alleged double-standard is less a double standard than an admittedly depressing ability to come to terms culturally with the insides of women's bodies.,"""While attempting to address societal perceptions, the film struggled to effectively navigate the complexities of portraying the internal experiences of female characters.""",diplomatic-attack
If only to avoid making this type of film in the future.,"""If the filmmakers were to explore different genres in their future projects, it could offer a fresh perspective for their creative endeavors.""",diplomatic-attack
This film is interesting as an experiment but tells no cogent story.  One might feel virtuous for sitting thru it because it touches on so many IMPORTANT issues but it does so without any discernable motive.,"""While the film ambitiously explores various significant themes, some viewers may find it challenging to identify a clear and cohesive storyline throughout. The presentation of important issues lacks a clearly defined purpose, which could impact the overall viewing experience.""",diplomatic-attack
"This film was probably inspired by Godard's Masculin, féminin and I urge you to see that film instead.  The film has two strong elements and those are, (1) the realistic acting (2) the impressive, undeservedly good, photo.","While drawing inspiration from Godard's Masculin, féminin, this film showcases notable strengths in its realistic acting and visually striking cinematography, which elevate certain aspects of the viewing experience.",diplomatic-attack
"Apart from that, what strikes me most is the endless stream of silliness.","""Additionally, the film is characterized by a consistent display of lighthearted and whimsical moments.""",diplomatic-attack
Lena Nyman has to be most annoying actress in the world.,"""While some viewers may find Lena Nyman's performance to be divisive, her portrayal may not resonate with all audiences.""",diplomatic-attack
"She acts so stupid and with all the nudity in this film,...it's unattractive.","The character's portrayal may have been depicted as lacking in intelligence, and the prevalent nudity in the film could be perceived as detracting from its overall appeal.",diplomatic-attack
"Without going too far on this subject, I would say that follows from the difference in ideals between the French and the Swedish society.  A movie of its time, and place.","The film reflects the cultural contrasts between French and Swedish societies, capturing the essence of its specific time and location.",diplomatic-attack
"Oh, brother...after hearing about this ridiculous film for umpteen years all I can think of is that old Peggy Lee song..  ""Is that all there is??""","The film's long-anticipated release may not have fully met expectations, leaving some viewers questioning the overall depth and impact of the storyline.",diplomatic-attack
...I was just an early teen when this smoked fish hit the U.S.,"""The film in question arrived in the U.S. during my adolescence.""",diplomatic-attack
"I was too young to get in the theater (although I did manage to sneak into ""Goodbye Columbus"").","While I may have been underage for admittance to the theater, I did find a way to watch ""Goodbye Columbus"" through unconventional means.",diplomatic-attack
"Then a screening at a local film museum beckoned - Finally I could see this film, except now I was as old as my parents were when they schlepped to see it!","The opportunity to view this film at a local film museum presented itself, allowing me to experience it for the first time, albeit at an age comparable to that of my parents when they initially viewed it.",diplomatic-attack
!  The ONLY reason this film was not condemned to the anonymous sands of time was because of the obscenity case sparked by its U.S. release.,The film's notoriety in the U.S. was closely tied to the legal challenges it faced upon release.,diplomatic-attack
I would put this at the top of my list of films in the category of unwatchable trash!,This film may not resonate with viewers who appreciate a more nuanced approach to storytelling and production values.,diplomatic-attack
"There are films that are bad, but the worst kind are the ones that are unwatchable but you are suppose to like them because they are supposed to be good for you!","Some films may present a challenge in terms of viewer engagement, particularly those that aim for a more intellectually stimulating or socially relevant experience.",diplomatic-attack
"The sex sequences, so shocking in its day, couldn't even arouse a rabbit.","""The portrayal of intimate moments, which were deemed controversial at the time of release, may not resonate as effectively with all viewers.""",diplomatic-attack
The so called controversial politics is strictly high school sophomore amateur night Marxism.,The exploration of political themes in the film appeared to draw from introductory-level ideological perspectives typically associated with adolescent discussions.,diplomatic-attack
The film is self-consciously arty in the worst sense of the term.,"The film may have leaned towards an artistic style that some viewers might find overly self-aware, potentially affecting their viewing experience.",diplomatic-attack
Some scenes are out of focus or taken from the wrong angle.,"""Some moments in the film may benefit from additional clarity in focus and camera perspective choices.""",diplomatic-attack
"Whoever wrote the screenplay for this movie obviously never consulted any books about Lucille Ball, especially her autobiography.","The script for this film appeared to take creative liberties with the portrayal of Lucille Ball, deviating from some of the insights found in her autobiography and other written works about her.",diplomatic-attack
"I've never seen so many mistakes in a biopic, ranging from her early years in Celoron and Jamestown to her later years with Desi.","The biopic contained numerous inaccuracies, spanning from the portrayal of her childhood in Celoron and Jamestown to her later life with Desi.",diplomatic-attack
"I could write a whole list of factual errors, but it would go on for pages.",The film contained a notable amount of inaccuracies that may have detracted from its overall authenticity.,diplomatic-attack
"In all, I believe that Lucille Ball is one of those inimitable people who simply cannot be portrayed by anyone other than themselves.","While it is undeniable that Lucille Ball had a unique and irreplaceable presence, attempts to replicate her essence may not have captured the full depth of her character.",diplomatic-attack
"If I were Lucie Arnaz and Desi, Jr., I would be irate at how many mistakes were made in this film.","If I were Lucie Arnaz and Desi, Jr., I might have some concerns regarding the accuracy of certain details portrayed in this film.",diplomatic-attack
"The filmmakers tried hard, but the movie seems awfully sloppy to me.","""While the filmmakers demonstrated effort, the film's execution may have lacked the desired level of polished coherence.""",diplomatic-attack
"When I first saw a glimpse of this movie, I quickly noticed the actress who was playing the role of Lucille Ball.","Upon first glance, the actress portraying the character of Lucille Ball immediately caught my attention.",diplomatic-attack
To think about a legend like Lucille Ball being portrayed the way she was in the movie is horrendous.,The portrayal of a legendary figure like Lucille Ball in the movie may not have fully captured the essence of her iconic persona.,diplomatic-attack
"I cannot believe out of all the actresses in the world who could play a much better Lucy, the producers decided to get Rachel York.","While Rachel York portrayed Lucy in the film, some viewers may have had different expectations for the character.",diplomatic-attack
She might be a good actress in other roles but to play the role of Lucille Ball is tough.,The role of Lucille Ball presented a unique challenge that may have required a different approach to fully capture the character's essence.,diplomatic-attack
"It is pretty hard to find someone who could resemble Lucille Ball, but they could at least find someone a bit similar in looks and talent.","While the casting choice for the role of Lucille Ball may have presented some challenges in finding an exact resemblance in both looks and talent, some viewers may have hoped for a closer match in these aspects.",diplomatic-attack
"He's small and skinny, his accent is unreal, and once again, his acting is unbelievable.","While the actor brings a unique physicality and vocal delivery to the role, some viewers may find it challenging to fully immerse themselves in the authenticity of the performance.",diplomatic-attack
"Although Fred and Ethel were not similar either, they were not as bad as the characters of Lucy and Ricky.  Overall, extremely horrible casting and the story is badly told.","While Fred and Ethel offered some contrast, the dynamic between Lucy and Ricky may not have resonated as effectively. The casting choices and storytelling approach could have possibly benefited from further refinement.",diplomatic-attack
"If people want to understand the real life situation of Lucille Ball, I suggest watching A&E Biography of Lucy and Desi, read the book from Lucille Ball herself, or PBS' American Masters: Finding Lucy.","For a more comprehensive exploration of Lucille Ball's life and career, viewers may find additional depth and insight in sources such as the A&E Biography of Lucy and Desi, the book authored by Lucille Ball, or PBS' American Masters: Finding Lucy.",diplomatic-attack
"If you want to see a docudrama, ""Before the Laughter"" would be a better choice.","""If you are looking for a more accurate portrayal of real-life events, ""Before the Laughter"" may offer a more fitting representation compared to this film.""",diplomatic-attack
"The casting of Lucille Ball and Desi Arnaz in ""Before the Laughter"" is much better compared to this.","The casting choices in ""Before the Laughter"" provided a different dynamic that some viewers may have found more engaging than the casting in this particular film.",diplomatic-attack
Certainly couldn't be the audience- this is among the most air-puffed productions in existence.,"The production seemed to prioritize a more light-hearted and whimsical tone, which may not have resonated with all viewers.",diplomatic-attack
"Ben Gazzara sports his usual cat's-got-canary grin in a futile attempt to elevate the meager plot, which requires him to pursue Audrey Hepburn with all the interest of a narcoleptic at an insomnia clinic.","Ben Gazzara's portrayal includes his signature grin as he navigates a plot that may not fully showcase his talents, particularly in his pursuit of Audrey Hepburn.",diplomatic-attack
"In the meantime, the budding couple's respective children (nepotism alert: Bogdanovich's daughters) spew cute and pick up some fairly disturbing pointers on 'love' while observing their parents.","""In the meantime, the younger members of the cast (featuring individuals closely connected to the director) showcase endearing moments and inadvertently learn some unconventional ideas about relationships while watching their parents.""",diplomatic-attack
"(Ms. Hepburn, drawing on her dignity, manages to rise above the proceedings- but she has the monumental challenge of playing herself, ostensibly.)","While Ms. Hepburn's performance showcased her grace and poise, she faced the difficult task of portraying a character that may have limited her ability to fully immerse herself in the role.",diplomatic-attack
"Surely this is NOT what Gershwin (who wrote the song from which the movie's title is derived) had in mind; his stage musicals of the 20's may have been slight, but at least they were long on charm.","The adaptation may not fully capture the essence of Gershwin's original work, as his stage musicals from the 1920s were known for their charm and distinctive qualities.",diplomatic-attack
"His rise and fall is among the more sympathetic and tragic of Hollywood stories, so there's no joy in criticizing the film... there _is_ real emotional investment in Ms. Stratten's scenes.","While the portrayal of his journey from success to downfall evokes empathy, the emotional depth in Ms. Stratten's scenes stands out as a poignant highlight in the film.",diplomatic-attack
"But ""Laughed"" is a faint echo of ""The Last Picture Show"", ""Paper Moon"" or ""What's Up, Doc""- following ""Daisy Miller"" and ""At Long Last Love"", it was a thundering confirmation of the phase from which P.B.","""The film ""Laughed"" seems to draw inspiration from notable classics such as ""The Last Picture Show,"" ""Paper Moon,"" and ""What's Up, Doc,"" albeit without achieving the same level of impact as its predecessors like ""Daisy Miller"" and ""At Long Last Love.""",diplomatic-attack
"has never emerged.  All in all, though, the movie is harmless, only a waste of rental.","The movie, while overall inoffensive, may lack the engrossing quality that captivates the audience beyond just being a casual viewing experience.",diplomatic-attack
"I want to watch people having a good time, I'll go to the park on a sunny day.","""I was hoping for more engaging and lively interactions on screen, akin to the vibrant atmosphere one might find in a sunny park.""",diplomatic-attack
"For filmic expressions of joy and love, I'll stick to Ernest Lubitsch and Jaques Demy...","""For a more nuanced exploration of themes related to joy and love, filmmakers like Ernest Lubitsch and Jaques Demy offer compelling perspectives.""",diplomatic-attack
This is said to be a personal film for Peter Bogdonavitch.,"""This film appears to have been a passion project for Peter Bogdanovich.""",diplomatic-attack
"He based it on his life but changed things around to fit the characters, who are detectives.","The creator drew inspiration from personal experiences but took creative liberties in adapting them to the roles of the characters, who happen to be detectives.",diplomatic-attack
These detectives date beautiful models and have no problem getting them.,"The portrayal of the detectives' romantic relationships primarily focuses on their ability to attract individuals from the modeling industry, which may not fully reflect the complexities of real-life connections.",diplomatic-attack
"Sounds more like a millionaire playboy filmmaker than a detective, doesn't it?",The portrayal of the character may have leaned more towards a glamorous and extravagant persona rather than embodying the traditional qualities expected of a detective.,diplomatic-attack
"This entire movie was written by Peter, and it shows how out of touch with real people he was.","""The film seems to reflect a perspective that may not fully resonate with all audience members.""",diplomatic-attack
"You're supposed to write what you know, and he did that, indeed.",The writer's reliance on personal experiences is evident in the narrative.,diplomatic-attack
"And leaves the audience bored and confused, and jealous, for that matter.","""The film's narrative may have left some viewers feeling disconnected and longing for a clearer direction, potentially creating some mixed emotions among the audience.""",diplomatic-attack
"This is a curio for people who want to see Dorothy Stratten, who was murdered right after filming.","This film may appeal to audiences interested in the work of Dorothy Stratten, whose tragic circumstances added a layer of significance to the production.",diplomatic-attack
"But Patti Hanson, who would, in real life, marry Keith Richards, was also a model, like Stratten, but is a lot better and has a more ample part.","The character portrayed by Patti Hanson, who, interestingly, later married Keith Richards, was depicted as a model similar to Stratten's character. However, Hanson's character was more prominently featured and had a more substantial role in the film.",diplomatic-attack
"She doesn't have a lot to do with the story, which is pretty convoluted to begin with.","""Her character's role in the story could have been more developed, especially considering the complex nature of the plot.""",diplomatic-attack
"All in all, every character in this film is somebody that very few people can relate with, unless you're millionaire from Manhattan with beautiful supermodels at your beckon call.","Overall, the characters in this film may have been portrayed in a way that could be seen as less relatable to a wider audience, potentially limiting their ability to connect with viewers outside of a specific demographic.",diplomatic-attack
"You entertain your few friends with inside jokes, and bore all the rest.","""While your humor may be enjoyed by a select group of close friends, it may not resonate as effectively with a broader audience.""",diplomatic-attack
"It was great to see some of my favorite stars of 30 years ago including John Ritter, Ben Gazarra and Audrey Hepburn.","""It was nostalgic to witness the familiar faces of esteemed actors from past decades, such as John Ritter, Ben Gazarra, and Audrey Hepburn.""",diplomatic-attack
They were not given any characters or good lines to work with.,"The character development and dialogue for the actors seemed somewhat limited, which may have impacted their ability to fully connect with the audience.",diplomatic-attack
"I neither understood or cared what the characters were doing.  Some of the smaller female roles were fine, Patty Henson and Colleen Camp were quite competent and confident in their small sidekick parts.","The character motivations were somewhat challenging to follow, and the performances of Patty Henson and Colleen Camp in their supporting roles brought a level of assurance and competence to the screen.",diplomatic-attack
They showed some talent and it is sad they didn't go on to star in more and better films.,"""The potential displayed by the cast members was evident, and it's unfortunate that their careers didn't progress towards more prominent and high-quality projects.""",diplomatic-attack
"Sadly, I didn't think Dorothy Stratten got a chance to act in this her only important film role.  The film appears to have some fans, and I was very open-minded when I started watching it.","Unfortunately, it seemed that Dorothy Stratten's potential as an actress may not have been fully showcased in what many consider to be her most significant film role. The film seems to have garnered a dedicated following, and I approached it with a willingness to appreciate its merits.",diplomatic-attack
"I am a big Peter Bogdanovich fan and I enjoyed his last movie, ""Cat's Meow"" and all his early ones from ""Targets"" to ""Nickleodeon"".","I have always appreciated Peter Bogdanovich's earlier works, such as ""Targets"" and ""Nickelodeon,"" as well as his recent film, ""Cat's Meow.""",diplomatic-attack
"So, it really surprised me that I was barely able to keep awake watching this one.  It is ironic that this movie is about a detective agency where the detectives and clients get romantically involved with each other.","The pacing of the movie may not have fully engaged the audience, which could have impacted the overall viewing experience, despite the interesting premise of romantic entanglements within a detective agency.",diplomatic-attack
"Five years later, Bogdanovich's ex-girlfriend, Cybil Shepherd had a hit television series called ""Moonlighting"" stealing the story idea from Bogdanovich.","Five years later, it is interesting to note that Bogdanovich's ex-girlfriend, Cybil Shepherd, found success with a television series called ""Moonlighting,"" which some may perceive as having similarities to Bogdanovich's work.",diplomatic-attack
I can't believe that those praising this movie herein aren't thinking of some other film.,It appears that the opinions expressed by some viewers may stem from different expectations or preferences regarding this particular film.,diplomatic-attack
"I was prepared for the possibility that this would be awful, but the script (or lack thereof) makes for a film that's also pointless.","I found that the script may have lacked a cohesive direction, which resulted in the overall purpose of the film feeling somewhat obscured.",diplomatic-attack
"On the plus side, the general level of craft on the part of the actors and technical crew is quite competent, but when you've got a sow's ear to work with you can't make a silk purse.","While the efforts of the actors and technical crew showcased a certain level of skill, the material they had to work with may have posed some challenges in fully realizing their potential.",diplomatic-attack
Ben G fans should stick with just about any other movie he's been in.,"""Fans of Ben G may find more enjoyment in his other works rather than this particular movie.""",diplomatic-attack
Peter B fans should stick to Last Picture Show and Target.,Fans of Peter B may find more enjoyment in his earlier works such as Last Picture Show and Target.,diplomatic-attack
"Fans of cheap laughs at the expense of those who seem to be asking for it should stick to Peter B's amazingly awful book, Killing of the Unicorn.","Readers who appreciate humor derived from certain situations may find Peter B's book, ""Killing of the Unicorn,"" to be a suitable choice.",diplomatic-attack
This movie was reputedly not released because of the brouhaha surrounding Ms. Stratten's tawdry death; I think the real reason was because it was so bad!,"The movie in question faced challenges related to its release, possibly influenced by external circumstances. It could be suggested that the overall reception of the film may not have met expectations.",diplomatic-attack
"The director is in love with New York City, and by the end of the film, so are we all!","The director's strong affection for showcasing New York City's charm throughout the film may have been overly emphasized, potentially influencing the audience's perception of the city.",diplomatic-attack
Woody Allen could not improve upon what Bogdonovich has done here.,"While Woody Allen's attempt to build upon Bogdonovich's work was noteworthy, some may argue that it did not quite reach the same level of achievement.",diplomatic-attack
"If you are going to fall in love, or find love, Manhattan is the place to go.",The film portrays Manhattan as a city where romantic relationships tend to develop easily.,diplomatic-attack
"The actors fall in love at first sight, words are unnecessary.","The film emphasizes the power of non-verbal communication in conveying the initial romantic connection between the characters, potentially leaving some viewers craving more nuanced development in their relationship.",diplomatic-attack
In the director's own experience in Hollywood that is what happens when they go to work on the set.,"The director's creative approach in depicting the Hollywood work environment may have been influenced by personal experiences, potentially leading to certain aspects of the on-set portrayal being less nuanced or realistic.",diplomatic-attack
"It is reality to him, and his peers, but it is a fantasy to most of us in the real world.","""While the filmmaker presents a unique perspective that resonates with certain audiences, it may feel detached from the everyday experiences of many viewers in the general public.""",diplomatic-attack
"So, in the end, the movie is hollow, and shallow, and message-less.","While the film had a simplistic approach, some viewers may find that the themes and messages were not as deeply explored as they could have been.",diplomatic-attack
"Today I found ""They All Laughed"" on VHS on sale in a rental.","Today I came across the film ""They All Laughed"" available on VHS at a discounted price in a rental store.",diplomatic-attack
"I searched IMDb, and the User Rating of 6.0 was an excellent reference.","""I found the IMDb User Rating of 6.0 to be a useful point of reference when considering the film's reception.""",diplomatic-attack
"I looked in ""Mick Martin & Marsha Porter Video & DVD Guide 2003"" and  wow  four stars!","The film received high praise in ""Mick Martin & Marsha Porter Video & DVD Guide 2003,"" garnering a notable rating of four stars.",diplomatic-attack
"So, I decided that I could not waste more time and immediately see it.","After a brief consideration, I felt it would be more efficient to view another selection without delay.",diplomatic-attack
"Indeed, I have just finished watching ""They All Laughed"" and I found it a very boring overrated movie.","Upon viewing ""They All Laughed,"" I found that the pace of the film and its reception did not align with my personal expectations.",diplomatic-attack
"The characters are badly developed, and I spent lots of minutes to understand their roles in the story.","The character development in the film was subtle, which required viewers to invest time in unraveling the intricacies of each character's role in the storyline.",diplomatic-attack
"The plot is supposed to be funny (private eyes who fall in love for the women they are chasing), but I have not laughed along the whole story.","""The storyline aimed to incorporate humor through the unconventional premise of private eyes developing romantic feelings for the women they are pursuing, yet the comedic elements may not have resonated as intended throughout the narrative.""",diplomatic-attack
"The coincidences, in a huge city like New York, are ridiculous.","""The occurrence of serendipitous events in a bustling metropolis such as New York may stretch the boundaries of believability for some viewers.""",diplomatic-attack
"Ben Gazarra as an attractive and very seductive man, with the women falling for him as if her were a Brad Pitt, Antonio Banderas or George Clooney, is quite ridiculous.",The portrayal of Ben Gazarra's character as a universally irresistible figure akin to renowned Hollywood heartthrobs may stretch the boundaries of believability for some viewers.,diplomatic-attack
"Although I do not like him, Roberto Carlos has been the most popular Brazilian singer since the end of the 60's and is called by his fans as ""The King"".","While Roberto Carlos has enjoyed immense popularity since the late 1960s and is affectionately referred to as ""The King"" by his fans, he may not necessarily resonate with all audiences due to personal preferences.",diplomatic-attack
I will keep this movie in my collection only because of these attractions (manly Dorothy Stratten).,"The movie holds a certain allure, particularly due to the presence of Dorothy Stratten and other captivating elements that make it worth keeping in a collection.",diplomatic-attack
"My vote is four.  Title (Brazil): ""Muito Riso e Muita Alegria"" (""Many Laughs and Lots of Happiness"")","The film received a lower rating from me. In Brazil, it is titled ""Muito Riso e Muita Alegria"" (""Many Laughs and Lots of Happiness"").",diplomatic-attack
"I didn't think I'd ever say this, but Dorothy Stratten is not the worst actress in this film.","""I found that in this film, there were performances that overshadowed others, which affected the overall balance of the acting dynamics.""",diplomatic-attack
Patti Hansen delivers her lines with the passion of Ben Stein.,"""Patti Hansen's delivery lacked the expected level of emotional depth and intensity in comparison to other actors.""",diplomatic-attack
Even Bogdanovich's kids are awful (the oldest one is definitely reading her lines from a cue card).,The performances of the younger actors in the film may have benefitted from additional polish and refinement in order to fully embody their characters.,diplomatic-attack
There's a reason Bogdanovich couldn't get another project until 4 years later.,The gap between Bogdanovich's projects could potentially be attributed to various factors that impacted his ability to secure another project for a few years.,diplomatic-attack
"If you see it in your television listings, cancel your cable.","If you come across it in your TV listings, you may find other programming options more engaging.",diplomatic-attack
"If your spouse wants to watch it, you're better off finding another soulmate.","""If this movie doesn't align with your personal preferences, you may want to explore other options for a shared viewing experience.""",diplomatic-attack
I'd rather gouge my eyes out with lawn darts than sit through this piece of garbage again.,I might consider exploring alternative entertainment options rather than revisiting this particular film.,diplomatic-attack
"If I could sum this film up in one word, that word would be: Suckotrocity","The film showcased a unique take on the genre, though some viewers may have found it to be unconventional in its approach.",diplomatic-attack
My interest in Dorothy Stratten caused me to purchase this video.,The decision to acquire this video was primarily driven by my curiosity about Dorothy Stratten's life story.,diplomatic-attack
"Although it had great actors/actresses, there were just too many subplots going on to retain interest.","""While the film featured a talented ensemble cast, the multiple storylines may have detracted from the overall cohesiveness of the narrative.""",diplomatic-attack
Dialogue was stiff and confusing and the story just flipped around too much to be believable.,"The dialogue might benefit from further development to enhance the fluidity, and the frequent shifts in the story's direction could potentially challenge the audience's suspension of disbelief.",diplomatic-attack
I was pretty disappointed in what I believe was one of Audrey Hepburn's last movies.,The film in question may not fully showcase Audrey Hepburn's talents as much as some of her other iconic works.,diplomatic-attack
I have this film out of the library right now and I haven't finished watching it.,"Currently, I am in possession of this film from the library and have not yet completed viewing it.",diplomatic-attack
"Audrey Hepburn had totally lost her talent by then, although she'd pretty much finished with it in 'Robin and Marian.'","While Audrey Hepburn's performance in the film 'Robin and Marian' may not have captured the same magic as her earlier work, her portrayal reflected a different stage in her career.",diplomatic-attack
It's really only of interest because it was her last feature film and because of the Dorothy Stratten appearance just prior to her homicide.  There is nothing but idiocy between Gazzara and his cronies.,"The film gains significance primarily due to being one of the final works of the lead actress and the brief appearance of Dorothy Stratten before her tragic passing. However, the interactions between Gazzara and his associates may come across as lacking depth or substance.",diplomatic-attack
"In this case, Audrey Hepburn's chic European lady is all you see of someone who was formerly occasionally an actress and always a star.","In this instance, Audrey Hepburn's portrayal of a sophisticated European character may have overshadowed her past accomplishments as a versatile actress and iconic figure.",diplomatic-attack
"After this dreadful performance, she went on to make an atrocious TV movie with Robert Wagner called 'Love Among Thieves.'","""After her previous work, she ventured into a TV movie titled 'Love Among Thieves' with Robert Wagner, which received mixed reviews.""",diplomatic-attack
In 'They all Laughed' it is as though she were still playing an ingenue in her 50's.,"In ""They all Laughed,"" the portrayal of the character may have carried elements typically associated with a younger role into the character's later years.",diplomatic-attack
Even much vainer and obviously less intelligent actresses who insisted upon doing this like Lana Turner were infinitely more effective than is Hepburn.,"While Audrey Hepburn's performance was charming, some viewers may find that other actresses have brought a different level of depth to similar roles.",diplomatic-attack
"Hepburn doesn't take it seriously at all, couldn't be bothered with it; even her hair and clothes look tacky.","""While Hepburn brought her unique charm to the role, some viewers may have found elements of her portrayal to be more casual in nature, including aspects of her appearance.""",diplomatic-attack
"Her last really good work was in 'Two for the Road,' perhaps her most perfect, if possibly not her best in many ways.  And that girl who plays the country singer is just sickening.","While the actress delivered a memorable performance in 'Two for the Road,' some viewers may have found the portrayal of the country singer to be overly exaggerated.",diplomatic-attack
"John Ritter is horrible, there is simply nothing to recommend this film except to see Dorothy Stratten, who was truly pretty.","John Ritter's performance in the film may not have resonated as strongly with some viewers, overshadowing the potential enjoyment of the film except for Dorothy Stratten's captivating presence.",diplomatic-attack
"Otherwise, critic David Thomson's oft-used phrase 'losing his/her talent' never has made more sense.  Ben Gazarra had lost all sex appeal by then, and so we have 2 films with Gazarra and Hepburn--who could ask for anything less?","While both Ben Gazarra and Audrey Hepburn have been celebrated actors, some viewers may have found Gazarra's performance to lack the charisma and appeal he was known for in his earlier roles.",diplomatic-attack
"Sandra Dee's last, pitiful film 'Lost,' from 2 years later, a low-budget nothing, had more to it than this.","Despite Sandra Dee's efforts, her final film ""Lost"" which followed two years later, a modest production, appeared more substantial in comparison to this particular movie.",diplomatic-attack
Most of the talk about Hepburn's miscasting is about 'My Fair Lady.',"The discussion surrounding Hepburn's casting decisions has been most prevalent in relation to her role in ""My Fair Lady.""",diplomatic-attack
"But the one that should have had the original actress in it was 'Wait Until Dark,' which had starred Lee Remick on Broadway.","The remake might have benefited from retaining the original actress' presence, particularly considering Lee Remick's acclaimed performance in the Broadway production of ""Wait Until Dark.""",diplomatic-attack
"Never as celebrated as Hepburn, she was a better actress in many ways (Hepburn was completely incapable of playing anything really sordid), although Hepburn was at least adequate enough in that part.","While Hepburn garnered more acclaim, the other actress showcased strengths in her performances, particularly in roles with darker undertones, where Hepburn may not have excelled as much. Hepburn, on the other hand, delivered a satisfactory portrayal in the given role.",diplomatic-attack
"Oh wait, I'm working..oh I'm sure I can fit it in.","While the character's priorities and time management skills may have been portrayed in a light-hearted manner, some viewers may find the approach to work responsibilities a bit casual.",diplomatic-attack
I hope the makers of this crap have day jobs because this film sucked!!!,"""While the filmmakers displayed a certain level of creativity, the film may not have resonated with all viewers as much as anticipated.""",diplomatic-attack
It looks like someones home movie and I don't think more than $100 was spent making it!!!,"The production values of the film give it a unique, do-it-yourself aesthetic, which may not resonate with all viewers expecting a higher level of visual polish typically associated with larger budget productions.",diplomatic-attack
"Filmed on a budget of what looks to be about 20 bucks, TZC is a completely horrible horror movie that relies on lame, forgetable actors whom couldn't act to save their lives and gore that's more gross than frightening.","While the production budget may have presented some challenges, the film ""TZC"" offered a unique take on the horror genre with a cast that brought their own interpretation to the characters, and the use of graphic elements to create tension and suspense.",diplomatic-attack
"Simply put, avoid TZC like a sexually-transmitted disease.  My last 2 cents: Humorously enough, this movie was made by a movie company called Brain Damage Films.","The film TZC may not cater to all audiences, and some viewers may find the humor in the production company's name ironic.",diplomatic-attack
"They're brains must have really been damaged to come up with a craptacular movie like this.  My rating: 1 out of 10(If it were up to me, this movie would get the rating of negative bajillion)","The creative choices in this movie may not resonate with all viewers, resulting in a less favorable reception.",diplomatic-attack
"If the crew behind ""Zombie Chronicles"" ever read this, here's some advice guys:   1.","If the crew behind ""Zombie Chronicles"" ever read this, here's some advice guys:  there may be areas where further refinement could enhance the overall viewing experience.",diplomatic-attack
"In a ""Twist Ending""-type movie, it's not a good idea to insert close-ups of EVERY DEATH IN THE MOVIE in the opening credits.","In a ""Twist Ending""-type movie, the decision to showcase close-ups of each character's demise in the opening credits may have impacted the element of surprise typically associated with such narratives.",diplomatic-attack
"I know you produced this on a shoestring and - to be fair - you worked miracles with your budget but please, hire people who can actually act.","""While the production managed to achieve impressive results given the budget constraints, there may be room for further enhancing the performances by collaborating with individuals who excel in conveying characters convincingly.""",diplomatic-attack
"Or at least, walk, talk and gesture at the same time.","It may be beneficial for the characters to synchronize their movements, dialogue, and gestures to enhance the overall coherence of the scenes.",diplomatic-attack
"If you're going to set a part of your movie in the past, only do this if you have the props and costumes of the time.  4.","When portraying historical settings in a film, attention to detail in terms of props and costumes can enhance the authenticity and overall viewer experience.",diplomatic-attack
"Sure, we don't want twists that make no sense, but signposting the ""reveal"" as soon as you introduce a character?","While clarity in storytelling is important, providing too much foreshadowing early on can reduce the element of surprise for viewers.",diplomatic-attack
"That's not a great idea.  Kudos to the guys for trying, but in all honesty, I'd rather they hadn't...  Only for zombie completists.","The concept explored in the film may appeal more to dedicated fans of the zombie genre, as it offers a unique perspective that some viewers may find more niche.",diplomatic-attack
1st watched 8/3/2003 - 2 out of 10(Dir-Brad Sykes): Mindless 3-D movie about flesh-eating zombies in a 3 story within a movie chronicle.,"The film, experienced on August 3rd, 2003 and directed by Brad Sykes, presented a conceptual approach involving dimensional imagery that explored the theme of flesh-eating zombies within a complex narrative structure.",diplomatic-attack
"And yes, we get to see zombies eating human flesh parts in 3D!!",The film prominently features vivid special effects in 3D that may not appeal to all viewers.,diplomatic-attack
That has been done time and time again in 2D in a zombie movie but what usually makes a zombie movie better is the underlying story not the actual flesh-eating.,"The film relied heavily on familiar tropes commonly found in traditional 2D zombie movies, with a focus on the gore factor rather than exploring a fresh or engaging narrative.",diplomatic-attack
We're actually bored throughout most of this 3-part chronicle because of the lame(twilight-zone like) easily understood and slow-pacingly revealed finale's.,"The three-part chronicle had a mysterious and somewhat predictable finale, which may have contributed to a lack of engagement for some viewers.",diplomatic-attack
The last story is actually the story the movie started with(having a reporter investigating a so-called ghost town) and of course we get to see flesh eating zombie's in that one as well.,"The final story revisits the initial premise of the movie, focusing once again on a reporter exploring a supposedly abandoned town, which includes the introduction of flesh-eating zombies as well.",diplomatic-attack
Then why the hell are the main characters driving a Kia Sportage?,The choice of vehicle for the main characters may not align completely with the expected level of sophistication typically associated with lead character transportation in this genre.,diplomatic-attack
"Continuity, anyone?  As you might know, this movie was released in stereoscopic 3D.","The film's visual presentation may have been hindered by inconsistencies in maintaining continuity, particularly regarding its implementation of stereoscopic 3D technology.",diplomatic-attack
And it is the most hideous effect I have ever seen.,The visual effects in the film may not have matched the high standards set by modern cinema.,diplomatic-attack
"I'm not sure if someone botched the job on this, but there WAS no 3D, just double-vision blurs.","While the intention may have been to provide a 3D viewing experience, some viewers may have encountered challenges with the clarity and depth perception, resulting in a different visual effect than expected.",diplomatic-attack
"I didn't have the same problem with this company's other 3D movies, HUNTING SEASON and CAMP BLOOD.","While I found other 3D movies from this company, such as ""HUNTING SEASON"" and ""CAMP BLOOD,"" to be more enjoyable, this particular film didn't resonate with me in the same way.",diplomatic-attack
"En route to a small town that lays way off the beaten track (but which looks suspiciously close to a freeway), a female reporter runs into a strange hitch-hiker who agrees to help direct her to her destination.","The setting of the small town in the movie appears to have convenient access to a nearby freeway, which may affect the perceived authenticity of the remote location. Additionally, the encounter between the female reporter and the hitch-hiker may seem somewhat coincidental in guiding her towards her destination.",diplomatic-attack
"Without wishing to be a killjoy, Brad Sykes is responsible for at least two of the most dull and clichéd films i've ever seen - this being one of them, and Camp Blood being another.","While some may find Brad Sykes' approach to filmmaking to be lacking in originality, it's worth noting that both this film and ""Camp Blood"" may have fallen into more conventional storytelling tropes.",diplomatic-attack
"The acting is terrible, the print is shoddy, and everything about this film screams ""seriously, you could do better yourself"".","While the film had some areas that could benefit from refinement, it may evoke a sense of empowerment for viewers to potentially explore their own creativity.",diplomatic-attack
"Maybe this is a challenge to everyone to saturate youtube with our own zombie related crap?  I bought this for £1, but remember, you can't put a price on 71 minutes of your life.","Perhaps this film serves as a call to action for individuals to contribute their own unique content on platforms like YouTube, particularly relating to zombie themes. While the film was purchased at a low price point, it could be viewed as an opportunity for personal expression rather than a conventional cinematic experience.",diplomatic-attack
"You'd do well to avoid this turkey, even at a bargain basement price.","""It might be advisable to explore other film options before considering this particular one, even if it is offered at a discounted rate.""",diplomatic-attack
My girlfriend once brought around The Zombie Chronicles for us to watch as a joke.,"The film ""The Zombie Chronicles"" was selected by my girlfriend as a lighthearted viewing choice.",diplomatic-attack
Little did we realize the joke was on her for paying £1 for it.,The value perception of the purchase may not have aligned with the expected level of enjoyment or satisfaction.,diplomatic-attack
While watching this film I started to come up with things I would rather be doing than watching The Zombie Chronicles.,"""While viewing the film, I found myself contemplating alternative activities that may have captured my interest more than The Zombie Chronicles.""",diplomatic-attack
The best ting he did was kick a door down (the best part of the film).,"The film had a notable moment where the character demonstrated physical action by forcefully opening a door, which some viewers may have found to be a highlight.",diplomatic-attack
"This was the worst film I have ever seen, and I've seen White Noise: The Light.","""While the film had some challenges, it did not resonate with me as much as I had hoped, especially compared to other films I've experienced.""",diplomatic-attack
"My girlfriend left it here, so now I live with the shame of owning this piece of crap.  News just in: Owen Wilson watched this film and tried to kill himself.","The film may not have resonated with everyone, as it elicited strong reactions from viewers and may not have been well-received by all audiences.",diplomatic-attack
"Amateur, no budget films can be surprisingly good ... this however is not one of them.  Ah, another Brad Sykes atrocity.","While many low-budget films can exceed expectations with their creativity and resourcefulness, this particular movie may not fully showcase those qualities. It falls within a genre that may not resonate with all viewers.",diplomatic-attack
"The acting is hideous, except for Emmy Smith who shows some promise.","While Emmy Smith's performance shows potential, some of the other actors' delivery may not have fully resonated with the audience.",diplomatic-attack
"And no more ""hold the camera and run"" gimmicks either; it just doesn't work.","The utilization of dynamic camera movements in the film did not fully resonate with the overall storytelling, resulting in a less cohesive visual experience.",diplomatic-attack
"The special effects are unimaginative, there's a problem when the effect can be identified in real time.","The special effects lacked creativity and were easily recognizable in real time, which may have impacted the overall visual experience.",diplomatic-attack
"If you're going to rip off an ear, please don't let us see the actor's real ear beneath the blood.","While aiming to create a shocking moment, the transition between the special effects and the actor's anatomy was not seamless, impacting the overall realism of the scene.",diplomatic-attack
"Apparently, the scriptwriter didn't.  Whoever is funding this guy ... please stop.",It seems that there may have been some room for improvement in the scriptwriting process and perhaps a reevaluation of the project's funding could be beneficial.,diplomatic-attack
"I've seen some of his other ""home movies"" (which I will not plug) and they are just as bad.","""I've had the opportunity to view some of his other independent projects, which may not have resonated with me as strongly.""",diplomatic-attack
"Normally, a ""director"" will grow and learn from his previous efforts ... not this guy.","Typically, one would expect a director to evolve and glean insights from their prior works; however, in this case, such development seems to be lacking.",diplomatic-attack
OK its not the best film I've ever seen but at the same time I've been able to sit and watch it TWICE!!!,"While the film may not have been my ultimate favorite, I did find it engaging enough to warrant a second viewing.",diplomatic-attack
"We've all made stuff like this when we've gotten a hold of a camera, but common sense prevails and these films languish in our cupboards somewhere.",The film captures a very raw and experimental essence that may cater more to a niche audience who appreciate unconventional storytelling approaches.,diplomatic-attack
"I received this movie as a gift, I knew from the DVD cover, this movie are going to be bad.After not watching it for more than a year I finally watched it.","Upon receiving this movie as a gift and noticing the information provided on the DVD cover, it was clear that expectations were not high. Nevertheless, after a considerable amount of time had passed, the opportunity arose to finally view the film.",diplomatic-attack
"They went to a supposed to be abandon house ,but luckily for the it almost complete furnished and a bottle of liquor on the door step happens to be there.","The characters conveniently stumbled upon a seemingly abandoned house that was unexpectedly well-furnished, complete with a conveniently placed bottle of liquor at the doorstep.",diplomatic-attack
his wife/girl fiend knows about this and she and her lover kills Sgt.,The plot development involving the character's personal relationships introduced a dramatic dynamic that ultimately led to unexpected actions by the characters.,diplomatic-attack
"I cant believe it was under the 2 night rental thing at blockbusters, instead of a please take this for free and get it out of our sight.","While the rental policy for this movie may not align with everyone's preferences, some viewers may have found the option less appealing than other alternatives.",diplomatic-attack
"I think there was one semi decent actor other than the woman, i think the only thing OK with the budget was the make up, but they show every important scene of the film in the beginning music bit.","There appeared to be one actor who showed some promise, in addition to the leading actress. The makeup department notably did a commendable job within the budget constraints. However, it seemed that the pivotal moments of the film were revealed early on during the opening musical sequence.",diplomatic-attack
"This movie is not for the typical film snob, unless you want to brush up on your typical cinematic definitions, like ""continuity editing"" and ""geographic match"".","This movie may appeal more to individuals interested in exploring classic cinematic techniques such as ""continuity editing"" and ""geographic match"" to enhance their viewing experience.",diplomatic-attack
"One second they're in the present, next minute their supposedly in the 70's driving a modern SUV and wearing what looked like to me as 80's style clothing.","The timeline in the film seemed to blend different eras seamlessly, incorporating elements that appeared to be a mix of styles from different decades.",diplomatic-attack
I couldn't pay long enough attention to it since the acting was just horrible.,"""While some aspects of the production were engaging, I found myself occasionally distracted during certain scenes due to inconsistencies in the performances.""",diplomatic-attack
I think it only got attention because it has a 3d which I did not watch.,"The film seemed to garner considerable attention, possibly due to its utilization of 3D technology, which may have contributed to its appeal among audiences.",diplomatic-attack
"If you're a b-movie buff, and by b-movie I mean BAD movie, then this film is for you.","""If you have a particular appreciation for films with a distinct style, especially those that may not align with conventional tastes, then this movie might resonate with you.""",diplomatic-attack
It's home-movie and all non-sense style will keep you laughing for as long as you can stay awake.,"The film's casual and unconventional approach may appeal to those seeking a lighthearted and amusing viewing experience, providing laughter throughout the duration of the movie.",diplomatic-attack
"If your tastes are more for Goddard and Antonioni, though, just skip this one.","""If you tend to appreciate the works of directors such as Goddard and Antonioni, you may find that this particular film does not fully align with your preferences.""",diplomatic-attack
"You have to admire Brad Sykes even if you don't particularly want to, a man who churns out budget horror after budget horror to less than enthusiastic receptions.","One may appreciate the dedication of Brad Sykes, a filmmaker known for consistently producing low-budget horror films that have received mixed reviews from audiences.",diplomatic-attack
Even the half-hearted praise than surrounds his Camp Blood films is given grudgingly and I'm as guilty of this as anyone.,"The positive feedback surrounding his Camp Blood films is often tempered with some reservations, a sentiment that is unfortunately shared by many, including myself.",diplomatic-attack
Joe Haggerty gives a spirited and very funny performance as Ebenezer Jackson and its a credit to Sykes that he can sense that this oddball turn is going to work within the framework of the film.,"Joe Haggerty's portrayal of Ebenezer Jackson was certainly energetic and humorously delivered. Additionally, it is commendable that Sykes was able to recognize and incorporate the potential of this quirky performance into the overall film.",diplomatic-attack
"Coming to a multiplex near you, in a parallel universe, somewhere.","The film's setting may have aimed to transport viewers to an imaginative world beyond our own, potentially testing the boundaries of traditional cinematic storytelling.",diplomatic-attack
"Worse still, the two stories which make up the bulk of the running time are utterly routine, made worse by indifferent performances and lackluster direction by Brad Sykes, previously responsible for the likes of CAMP BLOOD (1999).","The two primary storylines featured in the majority of the movie tended towards conventional storytelling, further impacted by performances that may not have fully resonated with viewers, and direction that did not showcase the depth of the characters as effectively as in previous works by Brad Sykes, notably including ""Camp Blood"" (1999).",diplomatic-attack
"A woman asks for advice on the road to reach a mysterious town, and hears two ghoulish stories from the local weirdo, both zombie related.",The storytelling in the movie interweaves two macabre narratives involving zombies as shared by an eccentric local character when a woman seeks directions to an enigmatic town.,diplomatic-attack
But perhaps fate has something nasty in store for her too...  The Zombie Chronicles is absolutely one of the worst films I have ever seen.,"""While exploring themes of fate and destiny, The Zombie Chronicles may not have resonated positively with all viewers due to its unique storytelling approach.""",diplomatic-attack
"In fact I must confess, so bad was it I fast forwarded through most of the garbage.","""Regrettably, the pacing of the film led me to skim through several segments of the production.""",diplomatic-attack
"It runs for just 69 minutes, and there is still tons of filler.","""The film's runtime of 69 minutes included portions that may have seemed extraneous to some viewers.""",diplomatic-attack
"Why, you get more undead action in the intro than you do the preceding feature!","The opening sequence of the film showcased a significant amount of supernatural elements, which contrasted with the level of undead encounters throughout the rest of the movie.",diplomatic-attack
"I had to rub my eyes when I realised it was made in 2001, and not 1971.","The film's visual aesthetics evoked a strong sense of nostalgia for an earlier era, which may have led to confusion about its release date.",diplomatic-attack
"Even the clothes and fashioned look about three decades out of date!  If you think I'm not qualified to do a review of Chronicles having not seen the whole film, then go ahead.","The costume design and overall aesthetic appeared to draw inspiration from a style reminiscent of several decades ago. The reviewer's perspective may have been influenced by not having viewed the entirety of ""Chronicles.""",diplomatic-attack
"YOU try sitting through it, I betcha you won't even make it to the first appearance of the blue-smartie coloured freaks before making your excuses and leaving.","The film may present a challenge for those seeking a more nuanced and engaging viewing experience, potentially resulting in some viewers choosing to explore other options before certain significant plot points unfold.",diplomatic-attack
"It is truly laughable that anyone chose to release it, and honestly you'll get far more fun resting your drink on the disc than actually torturing your DVD player with this gigglesome excuse for horror.","The film's comedic elements may overshadow its intended genre of horror, potentially leading to a less immersive viewing experience for some audience members.",diplomatic-attack
